<?xml version="1.0" encoding="UTF-8"?>
<beans xmlns="http://www.springframework.org/schema/beans"
	xmlns:xsi="http://www.w3.org/2001/XMLSchema-instance"
	xmlns:context="http://www.springframework.org/schema/context"
	xsi:schemaLocation="http://www.springframework.org/schema/beans 
      http://www.springframework.org/schema/beans/spring-beans-4.3.xsd
            http://www.springframework.org/schema/context 
            http://www.springframework.org/schema/context/spring-context-4.3.xsd">
	<bean id="emp" class="com.deloitte.bean.Employee">
		<constructor-arg index="0" value="1244" />
		<constructor-arg index="1" value="Jahnavi" />
		<constructor-arg index="2" value="9011223344" />
		<constructor-arg index="3" ref="addr" />
		<!-- <property name="eid" value="1234"/> <property name="name" value="Mrunank"/> 
			<property name="mobile" value="9012341234"/> -->
	</bean>

	<bean id="addr" class="com.deloitte.bean.Address">
		<property name="houseNo" value="5566" />
		<property name="street" value="Paratagalli" />
		<property name="city" value="Mumbai" />
		<property name="state" value="Maharashtra" />

	</bean>
</beans>            